"sample_size","time.taken","RMSE","MAE"
NA,NA,NA,NA
100,4.27337622642517,76.1924384708087,45.9691266437684
150,6.15119504928589,93.0865265451191,45.6972469409972
